Tanggal,PPA (mm/s^s) Trans,PPA (mm/s^s) Long,PPA (mm/s^s) Maks,Amaks (mm/s^s) Trans,Amaks (mm/s^s) Long,Amaks (mm/s^s) Maks,nilai_g,charge_kg,distance_m,hole_diameter_mm,burden_m,spacing_m,depth_m,tie_up_type,wall_echelon_ms,freeface_echelon_ms,controll_ms,freeface_count,geological_condt,measuring_elevation,row_number,frekuensi_hz
January/17/2025,484.26,629.54,629.54,96.85,258.11,258.11,0.02631989517,40,270,200,8,9,8,echelon,109,0,67,1,normal,higher,3,8.3
February/11/2025,2889,3051,3051,1049,581,1049,0.1069682307,30,150,200,8,9,8,echelon,109,0,176,1,normal,higher,5,9.8
April/11/2025,807,742.53,807,161.42,226.13,226.13,0.02305884272,30,300,200,8,9,8,echelon,176,0,109,1,normal,higher,4,4.5
May/25/2025,2421,3971,3971,387,226,387,0.03946301744,17,180,200,7,9,8,boxcut,176,176,109,2,normal,higher,9,49
July/5/2025,338.98,306.4,338.98,258.24,258.18,258.24,0.02633315148,50,285,200,8,9,8,echelon,109,0,176,2,coal,higher,5,6.4
July/7/2025,355.12,371.27,371.27,209.85,226.13,226.13,0.02305884272,55,350,200,8,9,7,echelon,109,0,176,2,coal,higher,5,8.3
July/9/2025,871.67,1195,1195,193.35,484,484,0.04935426471,57,324,200,8,8,8,echelon,0,109,176,2,coal,higher,5,7.9
July/10/2025,371.27,548.83,548.83,306.8,290.83,306.8,0.03128489341,60,420,200,8,8,8,echelon,0,67,109,1,coal,higher,5,8.1
July/11/2025,242.13,387.41,387.41,16.07,80.65,80.65,0.008224011258,60,430,200,8,8,8,boxcut,42,67,109,2,coal,higher,4,8.6
November/4/2025,290.56,322.84,322.84,161.42,96.85,161.42,0.01646025911,80,500,200,8.5,9.5,7.98,boxcut,67,42,109,0,coal,higher,5,3.8
April/27/2026,355.01,355.12,355.12,129.25,193.7,193.7,0.01975190305,90,300,200,8.5,9.5,8,boxcut,67,42,109,3,coal,normal,6,4.2
May/18/2026,4068,4778,4778,839,1098,1098,0.1119648402,82,160,200,8,9,6.34,boxcut,67,42,109,2,normal,normal,9,6.3
May/18/2026,1776,4778,4778,631,936,936,0.09544543753,82,160,200,8,9,6.34,boxcut,67,42,109,0,coal,lower,9,7.3
May/18/2026,3293,2389,3293,65,1195,1195,0.1218560875,82,160,200,8,9,6.34,boxcut,67,42,109,0,Fault,higher,9,5.9
May/21/2026,484,419.69,484,96.85,91,96.85,0.009875952,51,454,200,8.5,9.5,7.13,boxcut,67,42,109,2,Fault,normal,7,14.3
May/21/2026,807.33,1065,1065,290,323,323,0.032936834,51,320,200,8.5,9.5,7.3,boxcut,67,42,109,2,normal,normal,7,4.9
June/5/2026,2228,4003,4003,1130,759,1130,0.115227932,38,176,200,8,9,7.45,echelon,42,0,67,1,Fault,higher,4,8.8
June/5/2026,2228,1614,2228,581,678,678,0.069136759,38,226,200,8,9,7.45,echelon,42,0,67,1,coal,lower,4,12
June/7/2026,1017,1106,1106,589,363,589,0.060061285,51,239,200,8,9,7.42,boxcut,42,42,109,2,coal,lower,3,9.5
June/7/2026,669.89,887.81,887.81,314.85,629.54,629.54,0.064195214,51,239,200,8,9,7.42,boxcut,67,42,109,2,coal,lower,3,10
June/7/2026,838,968.52,968.52,161.77,387.41,387.41,0.039504826,51,320,200,8,9,7.42,boxcut,67,42,109,2,Fault,higher,6,6.2
June/7/2026,516.54,581.05,581.05,96.73,290.53,290.53,0.029625815,51,320,200,8,9,7.42,boxcut,42,42,109,2,Fault,higher,6,3.4
June/13/2026,8426,5327,8426,678,129,678,0.06913675924,41,86,200,8,9,7.19,boxcut,42,42,109,2,Fault,higher,3,4.1
June/13/2026,3906,1743,3906,355,226,355,0.03619992556,41,154,200,8,9,7.19,boxcut,42,42,109,2,coal,lower,3,7.6
June/14/2026,775,1001,872,285,678,517,0.05271932821,41,193,200,8,9,7.74,echelon,42,0,109,2,Fault,higher,3,7.8
June/16/2026,1065,936,1065,420,354.92,420,0.04282808095,72,311,200,8,9,7.2,boxcut,42,67,109,3,Fault,normal,5,6.6
